[
    {
        "fields": {
            "name": "Electrical Geodesics Inc. (EGI)"
        },
        "model": "experiment.manufacturer",
        "pk": 1
    },
    {
        "fields": {
            "name": "Brain Vision"
        },
        "model": "experiment.manufacturer",
        "pk": 2
    },
    {
        "fields": {
            "name": "Cortech Solutions"
        },
        "model": "experiment.manufacturer",
        "pk": 3
    },
    {
        "fields": {
            "name": "Weaver and Company"
        },
        "model": "experiment.manufacturer",
        "pk": 4
    },
    {
        "fields": {
            "description": "Is a filter whose impulse response (or response to any finite length input) is of finite duration, because it settles to zero in finite time.",
            "name": "Finite Impulse Response (FIR)",
            "tags": [
                1,
                2
            ]
        },
        "model": "experiment.filtertype",
        "pk": 1
    },
    {
        "fields": {
            "description": "Systems with this property are known as IIR systems or IIR filters, and are distinguished by having an impulse response which does not become exactly zero past a certain point, but continues indefinitely.",
            "name": "Infinite impulse response (IIR) ",
            "tags": [
                1,
                2
            ]
        },
        "model": "experiment.filtertype",
        "pk": 2
    },
    {
        "fields": {
            "description": "A Butterworth filter is a filter which has a maximally flat characteristic in the passband: the gain decreases gradually from the center of the passband towards the \u20133 dB point. No ripple is present in the stopband either. ",
            "name": "Butterworth IIR",
            "tags": [
                1,
                2
            ]
        },
        "model": "experiment.filtertype",
        "pk": 3
    },
    {
        "fields": {
            "description": "A Chebyshev filter has a constant ripple in the passband which oscillates between 1 and (1+\u03b5\u02c62)\u02c6-1/2 ; \u03b5 can be tuned. The number of ripples in the passband increases with filter order. There is a trade-off between the behaviour in passband and stopband. In comparison with a Butterworth filter, the stopband behaviour and fall-off of a Chebyshev are better. ",
            "name": "Chebyshev IIR",
            "tags": [
                1,
                2
            ]
        },
        "model": "experiment.filtertype",
        "pk": 4
    },
    {
        "fields": {
            "description": "An elliptic IIR filter has a ripple of constant height in both passband and stopband, the number increasing with filter order. In comparison with the Butterworth as well as the Chebyshev, at a given order, the fall-off is better for an elliptic filter. ",
            "name": "Elliptic IIR",
            "tags": [
                1,
                2
            ]
        },
        "model": "experiment.filtertype",
        "pk": 5
    },
    {
        "fields": {
            "description": "carbon fibers are embedded within a plastic substrate, and then coated with a tough silver-chloride surface.",
            "name": "Silver chloride\u2013plated carbon-fiber"
        },
        "model": "experiment.material",
        "pk": 1
    },
    {
        "fields": {
            "description": "Gold is a chemical element with the symbol Au ",
            "name": "Gold (Au)"
        },
        "model": "experiment.material",
        "pk": 2
    },
    {
        "fields": {
            "description": "Silver is the metallic element with the atomic number 47. Its symbol is Ag.",
            "name": "Silver (Ag)"
        },
        "model": "experiment.material",
        "pk": 3
    },
    {
        "fields": {
            "description": "Platinum is a chemical element with symbol Pt.",
            "name": "Platinum (Pt)"
        },
        "model": "experiment.material",
        "pk": 4
    },
    {
        "fields": {
            "description": "Glass-like carbon, often called glassy carbon or vitreous carbon, is a non-graphitizing, or nongraphitizable, carbon which combines glassy and ceramic properties with those of graphite. ",
            "name": "Glassy carbon"
        },
        "model": "experiment.material",
        "pk": 5
    },
    {
        "fields": {
            "description": "Titanium nitride (TiN) (sometimes known as tinite) is an extremely hard ceramic material, often used as a coating on titanium alloys, steel, carbide, and aluminium components to improve the substrate's surface properties.",
            "name": "Titanium nitride (TiN)"
        },
        "model": "experiment.material",
        "pk": 6
    },
    {
        "fields": {
            "description": "Silver chloride is a chemical compound with the chemical formula AgCl. This white crystalline solid is well known for its low solubility in water (this behavior being reminiscent of the chlorides of Tl+ and Pb2+). Upon illumination or heating, silver chloride converts to silver (and chlorine), which is signaled by greyish or purplish coloration to some samples. AgCl occurs naturally as a mineral chlorargyrite.",
            "name": "Silver-silver chloride (Ag|AgCl)"
        },
        "model": "experiment.material",
        "pk": 7
    },
    {
        "fields": {
            "description": "Stainless steel, also known as inox steel or inox from French inoxydable, is a steel alloy with a minimum of 10.5% chromium content by mass.",
            "name": "Stainless steel"
        },
        "model": "experiment.material",
        "pk": 8
    },
    {
        "fields": {
            "description": "Dense array EEG is a method of recording electroencephalography (EEG) with many more electrodes (up to 256). The rationale for this approach is to enhance the spatial resolution of scalp EEG.",
            "impedance": 10.0,
            "impedance_unit": "ohm",
            "material": 7,
            "name": "HydroCel 130 LTML (Dense array)",
            "tags": [
                1,
                2
            ],
            "usability": "reusable"
        },
        "model": "experiment.electrodemodel",
        "pk": 2
    },
    {
        "fields": {
            "description": "",
            "impedance": 10.0,
            "impedance_unit": "ohm",
            "material": 7,
            "name": "ring electrode",
            "tags": [
                1,
                2
            ],
            "usability": "reusable"
        },
        "model": "experiment.electrodemodel",
        "pk": 3
    },
    {
        "fields": {
            "description": "The Geodesic Sensor Net (GSN) features EGI\u2019s patented dense-array EEG sensors held in a tension structure that stretches over the head.\r\nEach line between sensor pairs is a geodesic, the shortest distance between two points on the surface of a sphere.\r\nThe accurate geodesic tesselation of the head surface optimizes the sampling of the electrical field.",
            "impedance": 50.0,
            "impedance_unit": "kilohm",
            "material": 7,
            "name": "Geodesic Sensor Net (GSN)",
            "tags": [
                1,
                2
            ],
            "usability": "reusable"
        },
        "model": "experiment.electrodemodel",
        "pk": 4
    },
    {
        "fields": {
            "description": "The HCGSN\u2019s electrode is designed for low-noise electrophyiological recording.\r\nElectrochemical noise, created by varying half-cell potentials at the electrode\u2013electrolyte interface, is minimized by a proprietary technology in which carbon fibers are embedded within a plastic substrate, and then coated with a tough silver-chloride surface.",
            "impedance": 50.0,
            "impedance_unit": "kilohm",
            "material": 1,
            "name": "Hydrocel GSN (HCGSN) with sponge",
            "tags": [
                1,
                2
            ],
            "usability": "reusable"
        },
        "model": "experiment.electrodemodel",
        "pk": 5
    },
    {
        "fields": {
            "description": "The HCGSN\u2019s electrode is designed for low-noise electrophyiological recording.\r\nElectrochemical noise, created by varying half-cell potentials at the electrode\u2013electrolyte interface, is minimized by a proprietary technology in which carbon fibers are embedded within a plastic substrate, and then coated with a tough silver-chloride surface.",
            "impedance": 50.0,
            "impedance_unit": "kilohm",
            "material": 1,
            "name": "Hydrocel GSN (HCGSN) without sponge",
            "tags": [
                1,
                2
            ],
            "usability": "reusable"
        },
        "model": "experiment.electrodemodel",
        "pk": 6
    },
    {
        "fields": {
            "components": "Electro-Gel (32 oz). Specifically formulated for the use with Electro-Cap products. Other brands or types of gel will cause high electrode impedance and various types of electrode artifacts.",
            "manufacturer": 3,
            "name": "CS-GP-EG32"
        },
        "model": "experiment.eegsolution",
        "pk": 1
    },
    {
        "fields": {
            "components": "Spectra 360 250 g (8.8 oz) clear tube, box of 12 tubes",
            "manufacturer": 3,
            "name": "CS-GP-EGSP250"
        },
        "model": "experiment.eegsolution",
        "pk": 2
    },
    {
        "fields": {
            "components": "Water, Aluminum Oxide, 1,2 Propanediol, Sodium Polyacrylate, Methylparaben, Propylparaben, FD&C Blue 1, FD&C Red 40, FD&C Yellow 5.",
            "manufacturer": 4,
            "name": "Nuprep Skin Prep Gel"
        },
        "model": "experiment.eegsolution",
        "pk": 3
    },
    {
        "fields": {
            "components": "Chlorided, abrasive electrolyte gel",
            "manufacturer": 2,
            "name": "Abralyt LIGHT (1000 gr.)"
        },
        "model": "experiment.eegsolution",
        "pk": 4
    },
    {
        "fields": {
            "components": "This is the classic potassium chloride saline and surfactant solution used for rapid application. The HydroCel Saline comes in powder form and must be mixed with water before using. No subject cleanup is required.",
            "manufacturer": 1,
            "name": "EGI's HydroCel Saline electrolyte solution for 2-hour recordings"
        },
        "model": "experiment.eegsolution",
        "pk": 5
    },
    {
        "fields": {
            "components": "The HydroCel HS packet contains 1.0 gram of the HydroCel HS powder. The formulation is biodegradable and nontoxic. Individual electrode filling is required.",
            "manufacturer": 1,
            "name": "EGI's HydroCel HS electrolyte formulation for 12-hour recordings"
        },
        "model": "experiment.eegsolution",
        "pk": 6
    },
    {
        "fields": {
            "description": "HydroCel Geodesic Sensor Net (HCGSN). Developed specifically for the head shape and sensitive skin of preterm infants. -no face straps, simplifying application, minimizing stress for infants, and making it less likely to interfere with other medical devices -Available in 32, 64, and 128 channel counts -Available in medium (30\u201332 cm) and large (32\u201334 cm) sizes",
            "map_image_file": "eeg_electrode_system_files/1/128_channel_HCGSN_v.1.0.png",
            "name": "128 channels HCGSN"
        },
        "model": "experiment.eegelectrodelocalizationsystem",
        "pk": 1
    },
    {
        "fields": {
            "channel_default_index": 0,
            "coordinate_x": 350,
            "coordinate_y": 244,
            "eeg_electrode_localization_system": 1,
            "name": "VREF",
            "position_reference": null
        },
        "model": "experiment.eegelectrodeposition",
        "pk": 1
    },
    {
        "fields": {
            "channel_default_index": 1,
            "coordinate_x": 528,
            "coordinate_y": 118,
            "eeg_electrode_localization_system": 1,
            "name": "1",
            "position_reference": null
        },
        "model": "experiment.eegelectrodeposition",
        "pk": 9
    },
    {
        "fields": {
            "channel_default_index": 2,
            "coordinate_x": 477,
            "coordinate_y": 120,
            "eeg_electrode_localization_system": 1,
            "name": "2",
            "position_reference": null
        },
        "model": "experiment.eegelectrodeposition",
        "pk": 10
    },
    {
        "fields": {
            "channel_default_index": 3,
            "coordinate_x": 436,
            "coordinate_y": 131,
            "eeg_electrode_localization_system": 1,
            "name": "3",
            "position_reference": null
        },
        "model": "experiment.eegelectrodeposition",
        "pk": 11
    },
    {
        "fields": {
            "channel_default_index": 4,
            "coordinate_x": 400,
            "coordinate_y": 147,
            "eeg_electrode_localization_system": 1,
            "name": "4",
            "position_reference": null
        },
        "model": "experiment.eegelectrodeposition",
        "pk": 12
    },
    {
        "fields": {
            "channel_default_index": 5,
            "coordinate_x": 374,
            "coordinate_y": 168,
            "eeg_electrode_localization_system": 1,
            "name": "5",
            "position_reference": null
        },
        "model": "experiment.eegelectrodeposition",
        "pk": 13
    },
    {
        "fields": {
            "channel_default_index": 6,
            "coordinate_x": 351,
            "coordinate_y": 193,
            "eeg_electrode_localization_system": 1,
            "name": "6",
            "position_reference": null
        },
        "model": "experiment.eegelectrodeposition",
        "pk": 14
    },
    {
        "fields": {
            "channel_default_index": 7,
            "coordinate_x": 328,
            "coordinate_y": 224,
            "eeg_electrode_localization_system": 1,
            "name": "7",
            "position_reference": null
        },
        "model": "experiment.eegelectrodeposition",
        "pk": 15
    },
    {
        "fields": {
            "channel_default_index": 8,
            "coordinate_x": 476,
            "coordinate_y": 88,
            "eeg_electrode_localization_system": 1,
            "name": "8",
            "position_reference": null
        },
        "model": "experiment.eegelectrodeposition",
        "pk": 16
    },
    {
        "fields": {
            "channel_default_index": 9,
            "coordinate_x": 432,
            "coordinate_y": 100,
            "eeg_electrode_localization_system": 1,
            "name": "9",
            "position_reference": null
        },
        "model": "experiment.eegelectrodeposition",
        "pk": 17
    },
    {
        "fields": {
            "channel_default_index": 10,
            "coordinate_x": 392,
            "coordinate_y": 118,
            "eeg_electrode_localization_system": 1,
            "name": "10",
            "position_reference": null
        },
        "model": "experiment.eegelectrodeposition",
        "pk": 18
    },
    {
        "fields": {
            "channel_default_index": 11,
            "coordinate_x": 351,
            "coordinate_y": 139,
            "eeg_electrode_localization_system": 1,
            "name": "11",
            "position_reference": null
        },
        "model": "experiment.eegelectrodeposition",
        "pk": 19
    },
    {
        "fields": {
            "channel_default_index": 12,
            "coordinate_x": 327,
            "coordinate_y": 168,
            "eeg_electrode_localization_system": 1,
            "name": "12",
            "position_reference": null
        },
        "model": "experiment.eegelectrodeposition",
        "pk": 20
    },
    {
        "fields": {
            "channel_default_index": 13,
            "coordinate_x": 311,
            "coordinate_y": 201,
            "eeg_electrode_localization_system": 1,
            "name": "13",
            "position_reference": null
        },
        "model": "experiment.eegelectrodeposition",
        "pk": 21
    },
    {
        "fields": {
            "channel_default_index": 14,
            "coordinate_x": 404,
            "coordinate_y": 65,
            "eeg_electrode_localization_system": 1,
            "name": "14",
            "position_reference": null
        },
        "model": "experiment.eegelectrodeposition",
        "pk": 22
    },
    {
        "fields": {
            "channel_default_index": 15,
            "coordinate_x": 350,
            "coordinate_y": 84,
            "eeg_electrode_localization_system": 1,
            "name": "15",
            "position_reference": null
        },
        "model": "experiment.eegelectrodeposition",
        "pk": 23
    },
    {
        "fields": {
            "channel_default_index": 16,
            "coordinate_x": 352,
            "coordinate_y": 113,
            "eeg_electrode_localization_system": 1,
            "name": "16",
            "position_reference": null
        },
        "model": "experiment.eegelectrodeposition",
        "pk": 24
    },
    {
        "fields": {
            "channel_default_index": 17,
            "coordinate_x": 349,
            "coordinate_y": 35,
            "eeg_electrode_localization_system": 1,
            "name": "17",
            "position_reference": null
        },
        "model": "experiment.eegelectrodeposition",
        "pk": 25
    },
    {
        "fields": {
            "channel_default_index": 18,
            "coordinate_x": 309,
            "coordinate_y": 117,
            "eeg_electrode_localization_system": 1,
            "name": "18",
            "position_reference": null
        },
        "model": "experiment.eegelectrodeposition",
        "pk": 26
    },
    {
        "fields": {
            "channel_default_index": 19,
            "coordinate_x": 300,
            "coordinate_y": 147,
            "eeg_electrode_localization_system": 1,
            "name": "19",
            "position_reference": null
        },
        "model": "experiment.eegelectrodeposition",
        "pk": 27
    },
    {
        "fields": {
            "channel_default_index": 20,
            "coordinate_x": 287,
            "coordinate_y": 180,
            "eeg_electrode_localization_system": 1,
            "name": "20",
            "position_reference": null
        },
        "model": "experiment.eegelectrodeposition",
        "pk": 28
    },
    {
        "fields": {
            "channel_default_index": 21,
            "coordinate_x": 295,
            "coordinate_y": 66,
            "eeg_electrode_localization_system": 1,
            "name": "21",
            "position_reference": null
        },
        "model": "experiment.eegelectrodeposition",
        "pk": 29
    },
    {
        "fields": {
            "channel_default_index": 22,
            "coordinate_x": 266,
            "coordinate_y": 101,
            "eeg_electrode_localization_system": 1,
            "name": "22",
            "position_reference": null
        },
        "model": "experiment.eegelectrodeposition",
        "pk": 30
    },
    {
        "fields": {
            "channel_default_index": 23,
            "coordinate_x": 265,
            "coordinate_y": 130,
            "eeg_electrode_localization_system": 1,
            "name": "23",
            "position_reference": null
        },
        "model": "experiment.eegelectrodeposition",
        "pk": 31
    },
    {
        "fields": {
            "channel_default_index": 24,
            "coordinate_x": 266,
            "coordinate_y": 161,
            "eeg_electrode_localization_system": 1,
            "name": "24",
            "position_reference": null
        },
        "model": "experiment.eegelectrodeposition",
        "pk": 32
    },
    {
        "fields": {
            "channel_default_index": 25,
            "coordinate_x": 224,
            "coordinate_y": 88,
            "eeg_electrode_localization_system": 1,
            "name": "25",
            "position_reference": null
        },
        "model": "experiment.eegelectrodeposition",
        "pk": 33
    },
    {
        "fields": {
            "channel_default_index": 26,
            "coordinate_x": 224,
            "coordinate_y": 120,
            "eeg_electrode_localization_system": 1,
            "name": "26",
            "position_reference": null
        },
        "model": "experiment.eegelectrodeposition",
        "pk": 34
    },
    {
        "fields": {
            "channel_default_index": 27,
            "coordinate_x": 224,
            "coordinate_y": 153,
            "eeg_electrode_localization_system": 1,
            "name": "27",
            "position_reference": null
        },
        "model": "experiment.eegelectrodeposition",
        "pk": 35
    },
    {
        "fields": {
            "channel_default_index": 28,
            "coordinate_x": 239,
            "coordinate_y": 180,
            "eeg_electrode_localization_system": 1,
            "name": "28",
            "position_reference": null
        },
        "model": "experiment.eegelectrodeposition",
        "pk": 36
    },
    {
        "fields": {
            "channel_default_index": 29,
            "coordinate_x": 260,
            "coordinate_y": 203,
            "eeg_electrode_localization_system": 1,
            "name": "29",
            "position_reference": null
        },
        "model": "experiment.eegelectrodeposition",
        "pk": 37
    },
    {
        "fields": {
            "channel_default_index": 30,
            "coordinate_x": 284,
            "coordinate_y": 225,
            "eeg_electrode_localization_system": 1,
            "name": "30",
            "position_reference": null
        },
        "model": "experiment.eegelectrodeposition",
        "pk": 38
    },
    {
        "fields": {
            "channel_default_index": 31,
            "coordinate_x": 316,
            "coordinate_y": 251,
            "eeg_electrode_localization_system": 1,
            "name": "31",
            "position_reference": null
        },
        "model": "experiment.eegelectrodeposition",
        "pk": 39
    },
    {
        "fields": {
            "channel_default_index": 32,
            "coordinate_x": 173,
            "coordinate_y": 117,
            "eeg_electrode_localization_system": 1,
            "name": "32",
            "position_reference": null
        },
        "model": "experiment.eegelectrodeposition",
        "pk": 40
    },
    {
        "fields": {
            "channel_default_index": 33,
            "coordinate_x": 179,
            "coordinate_y": 153,
            "eeg_electrode_localization_system": 1,
            "name": "33",
            "position_reference": null
        },
        "model": "experiment.eegelectrodeposition",
        "pk": 41
    },
    {
        "fields": {
            "channel_default_index": 34,
            "coordinate_x": 192,
            "coordinate_y": 188,
            "eeg_electrode_localization_system": 1,
            "name": "34",
            "position_reference": null
        },
        "model": "experiment.eegelectrodeposition",
        "pk": 42
    },
    {
        "fields": {
            "channel_default_index": 35,
            "coordinate_x": 217,
            "coordinate_y": 212,
            "eeg_electrode_localization_system": 1,
            "name": "35",
            "position_reference": null
        },
        "model": "experiment.eegelectrodeposition",
        "pk": 43
    },
    {
        "fields": {
            "channel_default_index": 36,
            "coordinate_x": 243,
            "coordinate_y": 232,
            "eeg_electrode_localization_system": 1,
            "name": "36",
            "position_reference": null
        },
        "model": "experiment.eegelectrodeposition",
        "pk": 44
    },
    {
        "fields": {
            "channel_default_index": 37,
            "coordinate_x": 283,
            "coordinate_y": 260,
            "eeg_electrode_localization_system": 1,
            "name": "37",
            "position_reference": null
        },
        "model": "experiment.eegelectrodeposition",
        "pk": 45
    },
    {
        "fields": {
            "channel_default_index": 38,
            "coordinate_x": 132,
            "coordinate_y": 158,
            "eeg_electrode_localization_system": 1,
            "name": "38",
            "position_reference": null
        },
        "model": "experiment.eegelectrodeposition",
        "pk": 46
    },
    {
        "fields": {
            "channel_default_index": 39,
            "coordinate_x": 149,
            "coordinate_y": 196,
            "eeg_electrode_localization_system": 1,
            "name": "39",
            "position_reference": null
        },
        "model": "experiment.eegelectrodeposition",
        "pk": 47
    },
    {
        "fields": {
            "channel_default_index": 40,
            "coordinate_x": 175,
            "coordinate_y": 224,
            "eeg_electrode_localization_system": 1,
            "name": "T7",
            "position_reference": null
        },
        "model": "experiment.eegelectrodeposition",
        "pk": 48
    },
    {
        "fields": {
            "channel_default_index": 41,
            "coordinate_x": 208,
            "coordinate_y": 247,
            "eeg_electrode_localization_system": 1,
            "name": "41",
            "position_reference": null
        },
        "model": "experiment.eegelectrodeposition",
        "pk": 49
    },
    {
        "fields": {
            "channel_default_index": 42,
            "coordinate_x": 250,
            "coordinate_y": 268,
            "eeg_electrode_localization_system": 1,
            "name": "42",
            "position_reference": null
        },
        "model": "experiment.eegelectrodeposition",
        "pk": 50
    },
    {
        "fields": {
            "channel_default_index": 43,
            "coordinate_x": 84,
            "coordinate_y": 178,
            "eeg_electrode_localization_system": 1,
            "name": "43",
            "position_reference": null
        },
        "model": "experiment.eegelectrodeposition",
        "pk": 51
    },
    {
        "fields": {
            "channel_default_index": 44,
            "coordinate_x": 107,
            "coordinate_y": 218,
            "eeg_electrode_localization_system": 1,
            "name": "44",
            "position_reference": null
        },
        "model": "experiment.eegelectrodeposition",
        "pk": 52
    },
    {
        "fields": {
            "channel_default_index": 45,
            "coordinate_x": 140,
            "coordinate_y": 249,
            "eeg_electrode_localization_system": 1,
            "name": "45",
            "position_reference": null
        },
        "model": "experiment.eegelectrodeposition",
        "pk": 53
    },
    {
        "fields": {
            "channel_default_index": 46,
            "coordinate_x": 177,
            "coordinate_y": 265,
            "eeg_electrode_localization_system": 1,
            "name": "46",
            "position_reference": null
        },
        "model": "experiment.eegelectrodeposition",
        "pk": 54
    },
    {
        "fields": {
            "channel_default_index": 47,
            "coordinate_x": 217,
            "coordinate_y": 277,
            "eeg_electrode_localization_system": 1,
            "name": "47",
            "position_reference": null
        },
        "model": "experiment.eegelectrodeposition",
        "pk": 55
    },
    {
        "fields": {
            "channel_default_index": 48,
            "coordinate_x": 41,
            "coordinate_y": 175,
            "eeg_electrode_localization_system": 1,
            "name": "48",
            "position_reference": null
        },
        "model": "experiment.eegelectrodeposition",
        "pk": 56
    },
    {
        "fields": {
            "channel_default_index": 49,
            "coordinate_x": 66,
            "coordinate_y": 250,
            "eeg_electrode_localization_system": 1,
            "name": "49",
            "position_reference": null
        },
        "model": "experiment.eegelectrodeposition",
        "pk": 57
    },
    {
        "fields": {
            "channel_default_index": 50,
            "coordinate_x": 148,
            "coordinate_y": 289,
            "eeg_electrode_localization_system": 1,
            "name": "50",
            "position_reference": null
        },
        "model": "experiment.eegelectrodeposition",
        "pk": 58
    },
    {
        "fields": {
            "channel_default_index": 51,
            "coordinate_x": 190,
            "coordinate_y": 301,
            "eeg_electrode_localization_system": 1,
            "name": "51",
            "position_reference": null
        },
        "model": "experiment.eegelectrodeposition",
        "pk": 59
    },
    {
        "fields": {
            "channel_default_index": 52,
            "coordinate_x": 236,
            "coordinate_y": 305,
            "eeg_electrode_localization_system": 1,
            "name": "52",
            "position_reference": null
        },
        "model": "experiment.eegelectrodeposition",
        "pk": 60
    },
    {
        "fields": {
            "channel_default_index": 53,
            "coordinate_x": 272,
            "coordinate_y": 296,
            "eeg_electrode_localization_system": 1,
            "name": "53",
            "position_reference": null
        },
        "model": "experiment.eegelectrodeposition",
        "pk": 61
    },
    {
        "fields": {
            "channel_default_index": 54,
            "coordinate_x": 306,
            "coordinate_y": 284,
            "eeg_electrode_localization_system": 1,
            "name": "54",
            "position_reference": null
        },
        "model": "experiment.eegelectrodeposition",
        "pk": 62
    },
    {
        "fields": {
            "channel_default_index": 55,
            "coordinate_x": 351,
            "coordinate_y": 270,
            "eeg_electrode_localization_system": 1,
            "name": "55",
            "position_reference": null
        },
        "model": "experiment.eegelectrodeposition",
        "pk": 63
    },
    {
        "fields": {
            "channel_default_index": 56,
            "coordinate_x": 79,
            "coordinate_y": 302,
            "eeg_electrode_localization_system": 1,
            "name": "56",
            "position_reference": null
        },
        "model": "experiment.eegelectrodeposition",
        "pk": 64
    },
    {
        "fields": {
            "channel_default_index": 57,
            "coordinate_x": 125,
            "coordinate_y": 318,
            "eeg_electrode_localization_system": 1,
            "name": "57",
            "position_reference": null
        },
        "model": "experiment.eegelectrodeposition",
        "pk": 65
    },
    {
        "fields": {
            "channel_default_index": 58,
            "coordinate_x": 175,
            "coordinate_y": 328,
            "eeg_electrode_localization_system": 1,
            "name": "58",
            "position_reference": null
        },
        "model": "experiment.eegelectrodeposition",
        "pk": 66
    },
    {
        "fields": {
            "channel_default_index": 59,
            "coordinate_x": 222,
            "coordinate_y": 333,
            "eeg_electrode_localization_system": 1,
            "name": "59",
            "position_reference": null
        },
        "model": "experiment.eegelectrodeposition",
        "pk": 67
    },
    {
        "fields": {
            "channel_default_index": 60,
            "coordinate_x": 268,
            "coordinate_y": 329,
            "eeg_electrode_localization_system": 1,
            "name": "60",
            "position_reference": null
        },
        "model": "experiment.eegelectrodeposition",
        "pk": 68
    },
    {
        "fields": {
            "channel_default_index": 61,
            "coordinate_x": 303,
            "coordinate_y": 315,
            "eeg_electrode_localization_system": 1,
            "name": "61",
            "position_reference": null
        },
        "model": "experiment.eegelectrodeposition",
        "pk": 69
    },
    {
        "fields": {
            "channel_default_index": 62,
            "coordinate_x": 350,
            "coordinate_y": 324,
            "eeg_electrode_localization_system": 1,
            "name": "62",
            "position_reference": null
        },
        "model": "experiment.eegelectrodeposition",
        "pk": 70
    },
    {
        "fields": {
            "channel_default_index": 63,
            "coordinate_x": 122,
            "coordinate_y": 365,
            "eeg_electrode_localization_system": 1,
            "name": "63",
            "position_reference": null
        },
        "model": "experiment.eegelectrodeposition",
        "pk": 71
    },
    {
        "fields": {
            "channel_default_index": 64,
            "coordinate_x": 173,
            "coordinate_y": 369,
            "eeg_electrode_localization_system": 1,
            "name": "64",
            "position_reference": null
        },
        "model": "experiment.eegelectrodeposition",
        "pk": 72
    },
    {
        "fields": {
            "channel_default_index": 65,
            "coordinate_x": 222,
            "coordinate_y": 368,
            "eeg_electrode_localization_system": 1,
            "name": "65",
            "position_reference": null
        },
        "model": "experiment.eegelectrodeposition",
        "pk": 73
    },
    {
        "fields": {
            "channel_default_index": 66,
            "coordinate_x": 270,
            "coordinate_y": 359,
            "eeg_electrode_localization_system": 1,
            "name": "66",
            "position_reference": null
        },
        "model": "experiment.eegelectrodeposition",
        "pk": 74
    },
    {
        "fields": {
            "channel_default_index": 67,
            "coordinate_x": 306,
            "coordinate_y": 342,
            "eeg_electrode_localization_system": 1,
            "name": "67",
            "position_reference": null
        },
        "model": "experiment.eegelectrodeposition",
        "pk": 75
    },
    {
        "fields": {
            "channel_default_index": 68,
            "coordinate_x": 183,
            "coordinate_y": 410,
            "eeg_electrode_localization_system": 1,
            "name": "68",
            "position_reference": null
        },
        "model": "experiment.eegelectrodeposition",
        "pk": 76
    },
    {
        "fields": {
            "channel_default_index": 69,
            "coordinate_x": 232,
            "coordinate_y": 402,
            "eeg_electrode_localization_system": 1,
            "name": "69",
            "position_reference": null
        },
        "model": "experiment.eegelectrodeposition",
        "pk": 77
    },
    {
        "fields": {
            "channel_default_index": 70,
            "coordinate_x": 283,
            "coordinate_y": 391,
            "eeg_electrode_localization_system": 1,
            "name": "70",
            "position_reference": null
        },
        "model": "experiment.eegelectrodeposition",
        "pk": 78
    },
    {
        "fields": {
            "channel_default_index": 71,
            "coordinate_x": 317,
            "coordinate_y": 371,
            "eeg_electrode_localization_system": 1,
            "name": "71",
            "position_reference": null
        },
        "model": "experiment.eegelectrodeposition",
        "pk": 79
    },
    {
        "fields": {
            "channel_default_index": 72,
            "coordinate_x": 351,
            "coordinate_y": 349,
            "eeg_electrode_localization_system": 1,
            "name": "72",
            "position_reference": null
        },
        "model": "experiment.eegelectrodeposition",
        "pk": 80
    },
    {
        "fields": {
            "channel_default_index": 73,
            "coordinate_x": 260,
            "coordinate_y": 441,
            "eeg_electrode_localization_system": 1,
            "name": "73",
            "position_reference": null
        },
        "model": "experiment.eegelectrodeposition",
        "pk": 81
    },
    {
        "fields": {
            "channel_default_index": 74,
            "coordinate_x": 306,
            "coordinate_y": 422,
            "eeg_electrode_localization_system": 1,
            "name": "74",
            "position_reference": null
        },
        "model": "experiment.eegelectrodeposition",
        "pk": 82
    },
    {
        "fields": {
            "channel_default_index": 75,
            "coordinate_x": 350,
            "coordinate_y": 399,
            "eeg_electrode_localization_system": 1,
            "name": "75",
            "position_reference": null
        },
        "model": "experiment.eegelectrodeposition",
        "pk": 83
    },
    {
        "fields": {
            "channel_default_index": 76,
            "coordinate_x": 381,
            "coordinate_y": 371,
            "eeg_electrode_localization_system": 1,
            "name": "76",
            "position_reference": null
        },
        "model": "experiment.eegelectrodeposition",
        "pk": 84
    },
    {
        "fields": {
            "channel_default_index": 77,
            "coordinate_x": 396,
            "coordinate_y": 342,
            "eeg_electrode_localization_system": 1,
            "name": "77",
            "position_reference": null
        },
        "model": "experiment.eegelectrodeposition",
        "pk": 85
    },
    {
        "fields": {
            "channel_default_index": 78,
            "coordinate_x": 395,
            "coordinate_y": 313,
            "eeg_electrode_localization_system": 1,
            "name": "78",
            "position_reference": null
        },
        "model": "experiment.eegelectrodeposition",
        "pk": 86
    },
    {
        "fields": {
            "channel_default_index": 79,
            "coordinate_x": 393,
            "coordinate_y": 285,
            "eeg_electrode_localization_system": 1,
            "name": "79",
            "position_reference": null
        },
        "model": "experiment.eegelectrodeposition",
        "pk": 87
    },
    {
        "fields": {
            "channel_default_index": 80,
            "coordinate_x": 383,
            "coordinate_y": 251,
            "eeg_electrode_localization_system": 1,
            "name": "80",
            "position_reference": null
        },
        "model": "experiment.eegelectrodeposition",
        "pk": 88
    },
    {
        "fields": {
            "channel_default_index": 81,
            "coordinate_x": 349,
            "coordinate_y": 451,
            "eeg_electrode_localization_system": 1,
            "name": "81",
            "position_reference": null
        },
        "model": "experiment.eegelectrodeposition",
        "pk": 89
    },
    {
        "fields": {
            "channel_default_index": 82,
            "coordinate_x": 393,
            "coordinate_y": 422,
            "eeg_electrode_localization_system": 1,
            "name": "82",
            "position_reference": null
        },
        "model": "experiment.eegelectrodeposition",
        "pk": 90
    },
    {
        "fields": {
            "channel_default_index": 83,
            "coordinate_x": 416,
            "coordinate_y": 391,
            "eeg_electrode_localization_system": 1,
            "name": "83",
            "position_reference": null
        },
        "model": "experiment.eegelectrodeposition",
        "pk": 91
    },
    {
        "fields": {
            "channel_default_index": 84,
            "coordinate_x": 430,
            "coordinate_y": 360,
            "eeg_electrode_localization_system": 1,
            "name": "84",
            "position_reference": null
        },
        "model": "experiment.eegelectrodeposition",
        "pk": 92
    },
    {
        "fields": {
            "channel_default_index": 85,
            "coordinate_x": 431,
            "coordinate_y": 328,
            "eeg_electrode_localization_system": 1,
            "name": "85",
            "position_reference": null
        },
        "model": "experiment.eegelectrodeposition",
        "pk": 93
    },
    {
        "fields": {
            "channel_default_index": 86,
            "coordinate_x": 428,
            "coordinate_y": 296,
            "eeg_electrode_localization_system": 1,
            "name": "86",
            "position_reference": null
        },
        "model": "experiment.eegelectrodeposition",
        "pk": 94
    },
    {
        "fields": {
            "channel_default_index": 87,
            "coordinate_x": 417,
            "coordinate_y": 259,
            "eeg_electrode_localization_system": 1,
            "name": "87",
            "position_reference": null
        },
        "model": "experiment.eegelectrodeposition",
        "pk": 95
    },
    {
        "fields": {
            "channel_default_index": 88,
            "coordinate_x": 437,
            "coordinate_y": 441,
            "eeg_electrode_localization_system": 1,
            "name": "88",
            "position_reference": null
        },
        "model": "experiment.eegelectrodeposition",
        "pk": 96
    },
    {
        "fields": {
            "channel_default_index": 89,
            "coordinate_x": 466,
            "coordinate_y": 402,
            "eeg_electrode_localization_system": 1,
            "name": "89",
            "position_reference": null
        },
        "model": "experiment.eegelectrodeposition",
        "pk": 97
    },
    {
        "fields": {
            "channel_default_index": 90,
            "coordinate_x": 480,
            "coordinate_y": 366,
            "eeg_electrode_localization_system": 1,
            "name": "90",
            "position_reference": null
        },
        "model": "experiment.eegelectrodeposition",
        "pk": 98
    },
    {
        "fields": {
            "channel_default_index": 91,
            "coordinate_x": 478,
            "coordinate_y": 332,
            "eeg_electrode_localization_system": 1,
            "name": "91",
            "position_reference": null
        },
        "model": "experiment.eegelectrodeposition",
        "pk": 99
    },
    {
        "fields": {
            "channel_default_index": 92,
            "coordinate_x": 463,
            "coordinate_y": 305,
            "eeg_electrode_localization_system": 1,
            "name": "92",
            "position_reference": null
        },
        "model": "experiment.eegelectrodeposition",
        "pk": 100
    },
    {
        "fields": {
            "channel_default_index": 93,
            "coordinate_x": 450,
            "coordinate_y": 267,
            "eeg_electrode_localization_system": 1,
            "name": "93",
            "position_reference": null
        },
        "model": "experiment.eegelectrodeposition",
        "pk": 101
    },
    {
        "fields": {
            "channel_default_index": 94,
            "coordinate_x": 519,
            "coordinate_y": 409,
            "eeg_electrode_localization_system": 1,
            "name": "94",
            "position_reference": null
        },
        "model": "experiment.eegelectrodeposition",
        "pk": 102
    },
    {
        "fields": {
            "channel_default_index": 95,
            "coordinate_x": 527,
            "coordinate_y": 370,
            "eeg_electrode_localization_system": 1,
            "name": "95",
            "position_reference": null
        },
        "model": "experiment.eegelectrodeposition",
        "pk": 103
    },
    {
        "fields": {
            "channel_default_index": 96,
            "coordinate_x": 525,
            "coordinate_y": 328,
            "eeg_electrode_localization_system": 1,
            "name": "96",
            "position_reference": null
        },
        "model": "experiment.eegelectrodeposition",
        "pk": 104
    },
    {
        "fields": {
            "channel_default_index": 97,
            "coordinate_x": 508,
            "coordinate_y": 299,
            "eeg_electrode_localization_system": 1,
            "name": "97",
            "position_reference": null
        },
        "model": "experiment.eegelectrodeposition",
        "pk": 105
    },
    {
        "fields": {
            "channel_default_index": 98,
            "coordinate_x": 483,
            "coordinate_y": 276,
            "eeg_electrode_localization_system": 1,
            "name": "98",
            "position_reference": null
        },
        "model": "experiment.eegelectrodeposition",
        "pk": 106
    },
    {
        "fields": {
            "channel_default_index": 99,
            "coordinate_x": 580,
            "coordinate_y": 362,
            "eeg_electrode_localization_system": 1,
            "name": "99",
            "position_reference": null
        },
        "model": "experiment.eegelectrodeposition",
        "pk": 107
    },
    {
        "fields": {
            "channel_default_index": 100,
            "coordinate_x": 574,
            "coordinate_y": 319,
            "eeg_electrode_localization_system": 1,
            "name": "100",
            "position_reference": null
        },
        "model": "experiment.eegelectrodeposition",
        "pk": 108
    },
    {
        "fields": {
            "channel_default_index": 101,
            "coordinate_x": 552,
            "coordinate_y": 287,
            "eeg_electrode_localization_system": 1,
            "name": "101",
            "position_reference": null
        },
        "model": "experiment.eegelectrodeposition",
        "pk": 109
    },
    {
        "fields": {
            "channel_default_index": 102,
            "coordinate_x": 524,
            "coordinate_y": 264,
            "eeg_electrode_localization_system": 1,
            "name": "102",
            "position_reference": null
        },
        "model": "experiment.eegelectrodeposition",
        "pk": 110
    },
    {
        "fields": {
            "channel_default_index": 103,
            "coordinate_x": 491,
            "coordinate_y": 246,
            "eeg_electrode_localization_system": 1,
            "name": "103",
            "position_reference": null
        },
        "model": "experiment.eegelectrodeposition",
        "pk": 111
    },
    {
        "fields": {
            "channel_default_index": 104,
            "coordinate_x": 457,
            "coordinate_y": 231,
            "eeg_electrode_localization_system": 1,
            "name": "104",
            "position_reference": null
        },
        "model": "experiment.eegelectrodeposition",
        "pk": 112
    },
    {
        "fields": {
            "channel_default_index": 105,
            "coordinate_x": 416,
            "coordinate_y": 224,
            "eeg_electrode_localization_system": 1,
            "name": "105",
            "position_reference": null
        },
        "model": "experiment.eegelectrodeposition",
        "pk": 113
    },
    {
        "fields": {
            "channel_default_index": 106,
            "coordinate_x": 371,
            "coordinate_y": 222,
            "eeg_electrode_localization_system": 1,
            "name": "106",
            "position_reference": null
        },
        "model": "experiment.eegelectrodeposition",
        "pk": 114
    },
    {
        "fields": {
            "channel_default_index": 107,
            "coordinate_x": 621,
            "coordinate_y": 301,
            "eeg_electrode_localization_system": 1,
            "name": "107",
            "position_reference": null
        },
        "model": "experiment.eegelectrodeposition",
        "pk": 115
    },
    {
        "fields": {
            "channel_default_index": 108,
            "coordinate_x": 559,
            "coordinate_y": 246,
            "eeg_electrode_localization_system": 1,
            "name": "108",
            "position_reference": null
        },
        "model": "experiment.eegelectrodeposition",
        "pk": 116
    },
    {
        "fields": {
            "channel_default_index": 109,
            "coordinate_x": 527,
            "coordinate_y": 223,
            "eeg_electrode_localization_system": 1,
            "name": "109",
            "position_reference": null
        },
        "model": "experiment.eegelectrodeposition",
        "pk": 117
    },
    {
        "fields": {
            "channel_default_index": 110,
            "coordinate_x": 482,
            "coordinate_y": 211,
            "eeg_electrode_localization_system": 1,
            "name": "110",
            "position_reference": null
        },
        "model": "experiment.eegelectrodeposition",
        "pk": 118
    },
    {
        "fields": {
            "channel_default_index": 111,
            "coordinate_x": 439,
            "coordinate_y": 203,
            "eeg_electrode_localization_system": 1,
            "name": "111",
            "position_reference": null
        },
        "model": "experiment.eegelectrodeposition",
        "pk": 119
    },
    {
        "fields": {
            "channel_default_index": 112,
            "coordinate_x": 389,
            "coordinate_y": 199,
            "eeg_electrode_localization_system": 1,
            "name": "112",
            "position_reference": null
        },
        "model": "experiment.eegelectrodeposition",
        "pk": 120
    },
    {
        "fields": {
            "channel_default_index": 113,
            "coordinate_x": 631,
            "coordinate_y": 249,
            "eeg_electrode_localization_system": 1,
            "name": "113",
            "position_reference": null
        },
        "model": "experiment.eegelectrodeposition",
        "pk": 121
    },
    {
        "fields": {
            "channel_default_index": 114,
            "coordinate_x": 592,
            "coordinate_y": 215,
            "eeg_electrode_localization_system": 1,
            "name": "114",
            "position_reference": null
        },
        "model": "experiment.eegelectrodeposition",
        "pk": 122
    },
    {
        "fields": {
            "channel_default_index": 115,
            "coordinate_x": 549,
            "coordinate_y": 195,
            "eeg_electrode_localization_system": 1,
            "name": "115",
            "position_reference": null
        },
        "model": "experiment.eegelectrodeposition",
        "pk": 123
    },
    {
        "fields": {
            "channel_default_index": 116,
            "coordinate_x": 506,
            "coordinate_y": 185,
            "eeg_electrode_localization_system": 1,
            "name": "116",
            "position_reference": null
        },
        "model": "experiment.eegelectrodeposition",
        "pk": 124
    },
    {
        "fields": {
            "channel_default_index": 117,
            "coordinate_x": 461,
            "coordinate_y": 179,
            "eeg_electrode_localization_system": 1,
            "name": "117",
            "position_reference": null
        },
        "model": "experiment.eegelectrodeposition",
        "pk": 125
    },
    {
        "fields": {
            "channel_default_index": 118,
            "coordinate_x": 413,
            "coordinate_y": 180,
            "eeg_electrode_localization_system": 1,
            "name": "118",
            "position_reference": null
        },
        "model": "experiment.eegelectrodeposition",
        "pk": 126
    },
    {
        "fields": {
            "channel_default_index": 119,
            "coordinate_x": 660,
            "coordinate_y": 173,
            "eeg_electrode_localization_system": 1,
            "name": "119",
            "position_reference": null
        },
        "model": "experiment.eegelectrodeposition",
        "pk": 127
    },
    {
        "fields": {
            "channel_default_index": 120,
            "coordinate_x": 616,
            "coordinate_y": 176,
            "eeg_electrode_localization_system": 1,
            "name": "120",
            "position_reference": null
        },
        "model": "experiment.eegelectrodeposition",
        "pk": 128
    },
    {
        "fields": {
            "channel_default_index": 121,
            "coordinate_x": 568,
            "coordinate_y": 157,
            "eeg_electrode_localization_system": 1,
            "name": "121",
            "position_reference": null
        },
        "model": "experiment.eegelectrodeposition",
        "pk": 129
    },
    {
        "fields": {
            "channel_default_index": 122,
            "coordinate_x": 522,
            "coordinate_y": 151,
            "eeg_electrode_localization_system": 1,
            "name": "122",
            "position_reference": null
        },
        "model": "experiment.eegelectrodeposition",
        "pk": 130
    },
    {
        "fields": {
            "channel_default_index": 123,
            "coordinate_x": 477,
            "coordinate_y": 152,
            "eeg_electrode_localization_system": 1,
            "name": "123",
            "position_reference": null
        },
        "model": "experiment.eegelectrodeposition",
        "pk": 131
    },
    {
        "fields": {
            "channel_default_index": 124,
            "coordinate_x": 434,
            "coordinate_y": 159,
            "eeg_electrode_localization_system": 1,
            "name": "124",
            "position_reference": null
        },
        "model": "experiment.eegelectrodeposition",
        "pk": 132
    },
    {
        "fields": {
            "channel_default_index": 125,
            "coordinate_x": 568,
            "coordinate_y": 110,
            "eeg_electrode_localization_system": 1,
            "name": "125",
            "position_reference": null
        },
        "model": "experiment.eegelectrodeposition",
        "pk": 133
    },
    {
        "fields": {
            "channel_default_index": 126,
            "coordinate_x": 393,
            "coordinate_y": 17,
            "eeg_electrode_localization_system": 1,
            "name": "126",
            "position_reference": null
        },
        "model": "experiment.eegelectrodeposition",
        "pk": 134
    },
    {
        "fields": {
            "channel_default_index": 127,
            "coordinate_x": 308,
            "coordinate_y": 18,
            "eeg_electrode_localization_system": 1,
            "name": "127",
            "position_reference": null
        },
        "model": "experiment.eegelectrodeposition",
        "pk": 135
    },
    {
        "fields": {
            "channel_default_index": 128,
            "coordinate_x": 135,
            "coordinate_y": 110,
            "eeg_electrode_localization_system": 1,
            "name": "128",
            "position_reference": null
        },
        "model": "experiment.eegelectrodeposition",
        "pk": 136
    },
    {
        "fields": {
            "description": "GES 400 \u2014 the core product of the GES 400 series, the GES 400 product introduces EGI\u2019s new ADAPT amplifier technology, which builds on-board computing directly into the amplifier and introduces several new hardware and firmware upgrades.",
            "equipment_type": "eeg_machine",
            "identification": "Geodesic EEGSystem 400",
            "manufacturer": 1,
            "serial_number": "",
            "tags": [
                2
            ]
        },
        "model": "experiment.equipment",
        "pk": 4
    },
    {
        "fields": {
            "description": "The Net Amps 400 series amplifiers are specifically designed for EEG acquisition using EGI's HydroCel Geodesic Sensor Net with 32, 64, 128, or 256 EEG channels, with additional capabilities for input from up to 32 bipolar channels. Three amplifier configurations allow you to choose the best one for your needs.",
            "equipment_type": "amplifier",
            "identification": "Net Amps 400 series amplifiers",
            "manufacturer": 1,
            "serial_number": "",
            "tags": [
                1,
                2
            ]
        },
        "model": "experiment.equipment",
        "pk": 5
    },
    {
        "fields": {
            "description": "The actiCHamp (active channel amplifier) is a 24-bit battery-supplied amplifier that can be used with 32, 64, 96, 128 and 160 EEG channels.",
            "equipment_type": "eeg_machine",
            "identification": "BrainVision actiCHamp",
            "manufacturer": 2,
            "serial_number": "",
            "tags": [
                2
            ]
        },
        "model": "experiment.equipment",
        "pk": 8
    },
    {
        "fields": {
            "description": "Thanks to its 5 kHz sampling rate per channel, the BrainAmp can be used to record EEG, EOG, EMG signals as well as evoked potentials with a frequency up to 1 kHz. The 16 bit TTL trigger input allows the detection of a large number of markers from visual, accoustic, electrical, magnetic or other stimulation modalities.",
            "equipment_type": "amplifier",
            "identification": "BrainAmp Standard",
            "manufacturer": 2,
            "serial_number": "",
            "tags": [
                1,
                2
            ]
        },
        "model": "experiment.equipment",
        "pk": 9
    },
    {
        "fields": {
            "description": "",
            "equipment_type": "eeg_electrode_net",
            "identification": "128 channles HCGSN",
            "manufacturer": 1,
            "serial_number": "",
            "tags": [
                2
            ]
        },
        "model": "experiment.equipment",
        "pk": 11
    },
    {
        "fields": {
            "gain": 60.0
        },
        "model": "experiment.amplifier",
        "pk": 5
    },
    {
        "fields": {
            "gain": 60.0
        },
        "model": "experiment.amplifier",
        "pk": 9
    },
    {
        "fields": {
            "electrode_model_default": 5
        },
        "model": "experiment.eegelectrodenet",
        "pk": 11
    },
    {
        "fields": {
            "material": 1
        },
        "model": "experiment.eegelectrodecap",
        "pk": 11
    },
    {
        "fields": {
            "eeg_electrode_localization_system": 1,
            "eeg_electrode_net": 11
        },
        "model": "experiment.eegelectrodenetsystem",
        "pk": 6
    },
    {
        "fields": {
            "description": "International 10-10 System description",
            "map_image_file": "eeg_electrode_system_files/2/International_10-10_system_for_EEG.png",
            "name": "International 10-10 System"
        },
        "model": "experiment.eegelectrodelocalizationsystem",
        "pk": 2
    },
    {
        "fields": {
            "description": "The 10\u201320 system or International 10\u201320 system is an internationally recognized method to describe and apply the location of scalp electrodes in the context of an EEG exam, polysomnograph sleep study, or voluntary lab research. This method was developed to maintain standardized testing methods ensuring that a subject's study outcomes (clinical or research) could be compiled, reproduced, and effectively analyzed and compared using the scientific method. The system is based on the relationship between the location of an electrode and the underlying area of the brain, specifically the cerebral cortex.",
            "map_image_file": "eeg_electrode_system_files/3/International_10-20_system_for_EEG.jpg",
            "name": "International 10-20 System"
        },
        "model": "experiment.eegelectrodelocalizationsystem",
        "pk": 3
    },
    {
        "fields": {
            "channel_default_index": 75,
            "coordinate_x": 669,
            "coordinate_y": 247,
            "eeg_electrode_localization_system": 2,
            "name": "A2",
            "position_reference": null
        },
        "model": "experiment.eegelectrodeposition",
        "pk": 232
    },
    {
        "fields": {
            "channel_default_index": 74,
            "coordinate_x": 34,
            "coordinate_y": 244,
            "eeg_electrode_localization_system": 2,
            "name": "A1",
            "position_reference": null
        },
        "model": "experiment.eegelectrodeposition",
        "pk": 231
    },
    {
        "fields": {
            "channel_default_index": 73,
            "coordinate_x": 350,
            "coordinate_y": 464,
            "eeg_electrode_localization_system": 2,
            "name": "Iz",
            "position_reference": null
        },
        "model": "experiment.eegelectrodeposition",
        "pk": 230
    },
    {
        "fields": {
            "channel_default_index": 72,
            "coordinate_x": 417,
            "coordinate_y": 422,
            "eeg_electrode_localization_system": 2,
            "name": "O2",
            "position_reference": null
        },
        "model": "experiment.eegelectrodeposition",
        "pk": 229
    },
    {
        "fields": {
            "channel_default_index": 71,
            "coordinate_x": 281,
            "coordinate_y": 423,
            "eeg_electrode_localization_system": 2,
            "name": "O1",
            "position_reference": null
        },
        "model": "experiment.eegelectrodeposition",
        "pk": 228
    },
    {
        "fields": {
            "channel_default_index": 70,
            "coordinate_x": 349,
            "coordinate_y": 434,
            "eeg_electrode_localization_system": 2,
            "name": "Oz",
            "position_reference": null
        },
        "model": "experiment.eegelectrodeposition",
        "pk": 227
    },
    {
        "fields": {
            "channel_default_index": 69,
            "coordinate_x": 485,
            "coordinate_y": 401,
            "eeg_electrode_localization_system": 2,
            "name": "PO8",
            "position_reference": null
        },
        "model": "experiment.eegelectrodeposition",
        "pk": 226
    },
    {
        "fields": {
            "channel_default_index": 68,
            "coordinate_x": 223,
            "coordinate_y": 400,
            "eeg_electrode_localization_system": 2,
            "name": "PO7",
            "position_reference": null
        },
        "model": "experiment.eegelectrodeposition",
        "pk": 225
    },
    {
        "fields": {
            "channel_default_index": 67,
            "coordinate_x": 423,
            "coordinate_y": 388,
            "eeg_electrode_localization_system": 2,
            "name": "PO4",
            "position_reference": null
        },
        "model": "experiment.eegelectrodeposition",
        "pk": 224
    },
    {
        "fields": {
            "channel_default_index": 66,
            "coordinate_x": 282,
            "coordinate_y": 385,
            "eeg_electrode_localization_system": 2,
            "name": "PO3",
            "position_reference": null
        },
        "model": "experiment.eegelectrodeposition",
        "pk": 223
    },
    {
        "fields": {
            "channel_default_index": 65,
            "coordinate_x": 350,
            "coordinate_y": 387,
            "eeg_electrode_localization_system": 2,
            "name": "POz",
            "position_reference": null
        },
        "model": "experiment.eegelectrodeposition",
        "pk": 222
    },
    {
        "fields": {
            "channel_default_index": 64,
            "coordinate_x": 589,
            "coordinate_y": 371,
            "eeg_electrode_localization_system": 2,
            "name": "P10",
            "position_reference": null
        },
        "model": "experiment.eegelectrodeposition",
        "pk": 221
    },
    {
        "fields": {
            "channel_default_index": 63,
            "coordinate_x": 117,
            "coordinate_y": 373,
            "eeg_electrode_localization_system": 2,
            "name": "P9",
            "position_reference": null
        },
        "model": "experiment.eegelectrodeposition",
        "pk": 220
    },
    {
        "fields": {
            "channel_default_index": 62,
            "coordinate_x": 532,
            "coordinate_y": 355,
            "eeg_electrode_localization_system": 2,
            "name": "P8",
            "position_reference": null
        },
        "model": "experiment.eegelectrodeposition",
        "pk": 219
    },
    {
        "fields": {
            "channel_default_index": 61,
            "coordinate_x": 172,
            "coordinate_y": 359,
            "eeg_electrode_localization_system": 2,
            "name": "P7",
            "position_reference": null
        },
        "model": "experiment.eegelectrodeposition",
        "pk": 218
    },
    {
        "fields": {
            "channel_default_index": 60,
            "coordinate_x": 488,
            "coordinate_y": 350,
            "eeg_electrode_localization_system": 2,
            "name": "P6",
            "position_reference": null
        },
        "model": "experiment.eegelectrodeposition",
        "pk": 217
    },
    {
        "fields": {
            "channel_default_index": 59,
            "coordinate_x": 213,
            "coordinate_y": 349,
            "eeg_electrode_localization_system": 2,
            "name": "P5",
            "position_reference": null
        },
        "model": "experiment.eegelectrodeposition",
        "pk": 216
    },
    {
        "fields": {
            "channel_default_index": 58,
            "coordinate_x": 443,
            "coordinate_y": 343,
            "eeg_electrode_localization_system": 2,
            "name": "P4",
            "position_reference": null
        },
        "model": "experiment.eegelectrodeposition",
        "pk": 215
    },
    {
        "fields": {
            "channel_default_index": 57,
            "coordinate_x": 259,
            "coordinate_y": 346,
            "eeg_electrode_localization_system": 2,
            "name": "P3",
            "position_reference": null
        },
        "model": "experiment.eegelectrodeposition",
        "pk": 214
    },
    {
        "fields": {
            "channel_default_index": 56,
            "coordinate_x": 396,
            "coordinate_y": 337,
            "eeg_electrode_localization_system": 2,
            "name": "P2",
            "position_reference": null
        },
        "model": "experiment.eegelectrodeposition",
        "pk": 213
    },
    {
        "fields": {
            "channel_default_index": 55,
            "coordinate_x": 307,
            "coordinate_y": 340,
            "eeg_electrode_localization_system": 2,
            "name": "P1",
            "position_reference": null
        },
        "model": "experiment.eegelectrodeposition",
        "pk": 212
    },
    {
        "fields": {
            "channel_default_index": 54,
            "coordinate_x": 354,
            "coordinate_y": 339,
            "eeg_electrode_localization_system": 2,
            "name": "Pz",
            "position_reference": null
        },
        "model": "experiment.eegelectrodeposition",
        "pk": 211
    },
    {
        "fields": {
            "channel_default_index": 53,
            "coordinate_x": 614,
            "coordinate_y": 313,
            "eeg_electrode_localization_system": 2,
            "name": "TP10",
            "position_reference": null
        },
        "model": "experiment.eegelectrodeposition",
        "pk": 210
    },
    {
        "fields": {
            "channel_default_index": 52,
            "coordinate_x": 89,
            "coordinate_y": 310,
            "eeg_electrode_localization_system": 2,
            "name": "TP9",
            "position_reference": null
        },
        "model": "experiment.eegelectrodeposition",
        "pk": 209
    },
    {
        "fields": {
            "channel_default_index": 51,
            "coordinate_x": 562,
            "coordinate_y": 301,
            "eeg_electrode_localization_system": 2,
            "name": "TP8",
            "position_reference": null
        },
        "model": "experiment.eegelectrodeposition",
        "pk": 208
    },
    {
        "fields": {
            "channel_default_index": 50,
            "coordinate_x": 143,
            "coordinate_y": 302,
            "eeg_electrode_localization_system": 2,
            "name": "TP7",
            "position_reference": null
        },
        "model": "experiment.eegelectrodeposition",
        "pk": 207
    },
    {
        "fields": {
            "channel_default_index": 49,
            "coordinate_x": 501,
            "coordinate_y": 301,
            "eeg_electrode_localization_system": 2,
            "name": "CP6",
            "position_reference": null
        },
        "model": "experiment.eegelectrodeposition",
        "pk": 206
    },
    {
        "fields": {
            "channel_default_index": 48,
            "coordinate_x": 191,
            "coordinate_y": 300,
            "eeg_electrode_localization_system": 2,
            "name": "CP5",
            "position_reference": null
        },
        "model": "experiment.eegelectrodeposition",
        "pk": 205
    },
    {
        "fields": {
            "channel_default_index": 47,
            "coordinate_x": 451,
            "coordinate_y": 295,
            "eeg_electrode_localization_system": 2,
            "name": "CP4",
            "position_reference": null
        },
        "model": "experiment.eegelectrodeposition",
        "pk": 204
    },
    {
        "fields": {
            "channel_default_index": 46,
            "coordinate_x": 248,
            "coordinate_y": 301,
            "eeg_electrode_localization_system": 2,
            "name": "CP3",
            "position_reference": null
        },
        "model": "experiment.eegelectrodeposition",
        "pk": 203
    },
    {
        "fields": {
            "channel_default_index": 45,
            "coordinate_x": 402,
            "coordinate_y": 297,
            "eeg_electrode_localization_system": 2,
            "name": "CP2",
            "position_reference": null
        },
        "model": "experiment.eegelectrodeposition",
        "pk": 202
    },
    {
        "fields": {
            "channel_default_index": 44,
            "coordinate_x": 300,
            "coordinate_y": 297,
            "eeg_electrode_localization_system": 2,
            "name": "CP1",
            "position_reference": null
        },
        "model": "experiment.eegelectrodeposition",
        "pk": 201
    },
    {
        "fields": {
            "channel_default_index": 43,
            "coordinate_x": 347,
            "coordinate_y": 296,
            "eeg_electrode_localization_system": 2,
            "name": "CPz",
            "position_reference": null
        },
        "model": "experiment.eegelectrodeposition",
        "pk": 200
    },
    {
        "fields": {
            "channel_default_index": 42,
            "coordinate_x": 622,
            "coordinate_y": 251,
            "eeg_electrode_localization_system": 2,
            "name": "T10",
            "position_reference": null
        },
        "model": "experiment.eegelectrodeposition",
        "pk": 199
    },
    {
        "fields": {
            "channel_default_index": 41,
            "coordinate_x": 85,
            "coordinate_y": 250,
            "eeg_electrode_localization_system": 2,
            "name": "T9",
            "position_reference": null
        },
        "model": "experiment.eegelectrodeposition",
        "pk": 198
    },
    {
        "fields": {
            "channel_default_index": 40,
            "coordinate_x": 574,
            "coordinate_y": 253,
            "eeg_electrode_localization_system": 2,
            "name": "T8",
            "position_reference": null
        },
        "model": "experiment.eegelectrodeposition",
        "pk": 197
    },
    {
        "fields": {
            "channel_default_index": 39,
            "coordinate_x": 131,
            "coordinate_y": 250,
            "eeg_electrode_localization_system": 2,
            "name": "T7",
            "position_reference": null
        },
        "model": "experiment.eegelectrodeposition",
        "pk": 196
    },
    {
        "fields": {
            "channel_default_index": 38,
            "coordinate_x": 516,
            "coordinate_y": 253,
            "eeg_electrode_localization_system": 2,
            "name": "C6",
            "position_reference": null
        },
        "model": "experiment.eegelectrodeposition",
        "pk": 195
    },
    {
        "fields": {
            "channel_default_index": 37,
            "coordinate_x": 180,
            "coordinate_y": 250,
            "eeg_electrode_localization_system": 2,
            "name": "C5",
            "position_reference": null
        },
        "model": "experiment.eegelectrodeposition",
        "pk": 194
    },
    {
        "fields": {
            "channel_default_index": 36,
            "coordinate_x": 464,
            "coordinate_y": 252,
            "eeg_electrode_localization_system": 2,
            "name": "C4",
            "position_reference": null
        },
        "model": "experiment.eegelectrodeposition",
        "pk": 193
    },
    {
        "fields": {
            "channel_default_index": 35,
            "coordinate_x": 235,
            "coordinate_y": 250,
            "eeg_electrode_localization_system": 2,
            "name": "C3",
            "position_reference": null
        },
        "model": "experiment.eegelectrodeposition",
        "pk": 192
    },
    {
        "fields": {
            "channel_default_index": 34,
            "coordinate_x": 402,
            "coordinate_y": 247,
            "eeg_electrode_localization_system": 2,
            "name": "C2",
            "position_reference": null
        },
        "model": "experiment.eegelectrodeposition",
        "pk": 191
    },
    {
        "fields": {
            "channel_default_index": 33,
            "coordinate_x": 297,
            "coordinate_y": 250,
            "eeg_electrode_localization_system": 2,
            "name": "C1",
            "position_reference": null
        },
        "model": "experiment.eegelectrodeposition",
        "pk": 190
    },
    {
        "fields": {
            "channel_default_index": 32,
            "coordinate_x": 349,
            "coordinate_y": 253,
            "eeg_electrode_localization_system": 2,
            "name": "Cz",
            "position_reference": null
        },
        "model": "experiment.eegelectrodeposition",
        "pk": 189
    },
    {
        "fields": {
            "channel_default_index": 31,
            "coordinate_x": 612,
            "coordinate_y": 192,
            "eeg_electrode_localization_system": 2,
            "name": "FT10",
            "position_reference": null
        },
        "model": "experiment.eegelectrodeposition",
        "pk": 188
    },
    {
        "fields": {
            "channel_default_index": 30,
            "coordinate_x": 87,
            "coordinate_y": 189,
            "eeg_electrode_localization_system": 2,
            "name": "FT9",
            "position_reference": null
        },
        "model": "experiment.eegelectrodeposition",
        "pk": 187
    },
    {
        "fields": {
            "channel_default_index": 29,
            "coordinate_x": 558,
            "coordinate_y": 195,
            "eeg_electrode_localization_system": 2,
            "name": "FT8",
            "position_reference": null
        },
        "model": "experiment.eegelectrodeposition",
        "pk": 186
    },
    {
        "fields": {
            "channel_default_index": 28,
            "coordinate_x": 142,
            "coordinate_y": 199,
            "eeg_electrode_localization_system": 2,
            "name": "FT7",
            "position_reference": null
        },
        "model": "experiment.eegelectrodeposition",
        "pk": 185
    },
    {
        "fields": {
            "channel_default_index": 27,
            "coordinate_x": 507,
            "coordinate_y": 204,
            "eeg_electrode_localization_system": 2,
            "name": "FC6",
            "position_reference": null
        },
        "model": "experiment.eegelectrodeposition",
        "pk": 184
    },
    {
        "fields": {
            "channel_default_index": 26,
            "coordinate_x": 196,
            "coordinate_y": 195,
            "eeg_electrode_localization_system": 2,
            "name": "FC5",
            "position_reference": null
        },
        "model": "experiment.eegelectrodeposition",
        "pk": 183
    },
    {
        "fields": {
            "channel_default_index": 25,
            "coordinate_x": 453,
            "coordinate_y": 205,
            "eeg_electrode_localization_system": 2,
            "name": "FC4",
            "position_reference": null
        },
        "model": "experiment.eegelectrodeposition",
        "pk": 182
    },
    {
        "fields": {
            "channel_default_index": 24,
            "coordinate_x": 247,
            "coordinate_y": 204,
            "eeg_electrode_localization_system": 2,
            "name": "FC3",
            "position_reference": null
        },
        "model": "experiment.eegelectrodeposition",
        "pk": 181
    },
    {
        "fields": {
            "channel_default_index": 23,
            "coordinate_x": 404,
            "coordinate_y": 205,
            "eeg_electrode_localization_system": 2,
            "name": "FC2",
            "position_reference": null
        },
        "model": "experiment.eegelectrodeposition",
        "pk": 180
    },
    {
        "fields": {
            "channel_default_index": 22,
            "coordinate_x": 302,
            "coordinate_y": 210,
            "eeg_electrode_localization_system": 2,
            "name": "FC1",
            "position_reference": null
        },
        "model": "experiment.eegelectrodeposition",
        "pk": 179
    },
    {
        "fields": {
            "channel_default_index": 21,
            "coordinate_x": 347,
            "coordinate_y": 208,
            "eeg_electrode_localization_system": 2,
            "name": "FCz",
            "position_reference": null
        },
        "model": "experiment.eegelectrodeposition",
        "pk": 178
    },
    {
        "fields": {
            "channel_default_index": 20,
            "coordinate_x": 581,
            "coordinate_y": 128,
            "eeg_electrode_localization_system": 2,
            "name": "F10",
            "position_reference": null
        },
        "model": "experiment.eegelectrodeposition",
        "pk": 177
    },
    {
        "fields": {
            "channel_default_index": 19,
            "coordinate_x": 118,
            "coordinate_y": 133,
            "eeg_electrode_localization_system": 2,
            "name": "F9",
            "position_reference": null
        },
        "model": "experiment.eegelectrodeposition",
        "pk": 176
    },
    {
        "fields": {
            "channel_default_index": 18,
            "coordinate_x": 532,
            "coordinate_y": 151,
            "eeg_electrode_localization_system": 2,
            "name": "F8",
            "position_reference": null
        },
        "model": "experiment.eegelectrodeposition",
        "pk": 175
    },
    {
        "fields": {
            "channel_default_index": 17,
            "coordinate_x": 169,
            "coordinate_y": 148,
            "eeg_electrode_localization_system": 2,
            "name": "F7",
            "position_reference": null
        },
        "model": "experiment.eegelectrodeposition",
        "pk": 174
    },
    {
        "fields": {
            "channel_default_index": 16,
            "coordinate_x": 487,
            "coordinate_y": 156,
            "eeg_electrode_localization_system": 2,
            "name": "F6",
            "position_reference": null
        },
        "model": "experiment.eegelectrodeposition",
        "pk": 173
    },
    {
        "fields": {
            "channel_default_index": 15,
            "coordinate_x": 221,
            "coordinate_y": 159,
            "eeg_electrode_localization_system": 2,
            "name": "F5",
            "position_reference": null
        },
        "model": "experiment.eegelectrodeposition",
        "pk": 172
    },
    {
        "fields": {
            "channel_default_index": 14,
            "coordinate_x": 443,
            "coordinate_y": 163,
            "eeg_electrode_localization_system": 2,
            "name": "F4",
            "position_reference": null
        },
        "model": "experiment.eegelectrodeposition",
        "pk": 171
    },
    {
        "fields": {
            "channel_default_index": 13,
            "coordinate_x": 257,
            "coordinate_y": 157,
            "eeg_electrode_localization_system": 2,
            "name": "F3",
            "position_reference": null
        },
        "model": "experiment.eegelectrodeposition",
        "pk": 170
    },
    {
        "fields": {
            "channel_default_index": 12,
            "coordinate_x": 397,
            "coordinate_y": 165,
            "eeg_electrode_localization_system": 2,
            "name": "F2",
            "position_reference": null
        },
        "model": "experiment.eegelectrodeposition",
        "pk": 169
    },
    {
        "fields": {
            "channel_default_index": 11,
            "coordinate_x": 307,
            "coordinate_y": 167,
            "eeg_electrode_localization_system": 2,
            "name": "F1",
            "position_reference": null
        },
        "model": "experiment.eegelectrodeposition",
        "pk": 168
    },
    {
        "fields": {
            "channel_default_index": 10,
            "coordinate_x": 354,
            "coordinate_y": 167,
            "eeg_electrode_localization_system": 2,
            "name": "Fz",
            "position_reference": null
        },
        "model": "experiment.eegelectrodeposition",
        "pk": 167
    },
    {
        "fields": {
            "channel_default_index": 9,
            "coordinate_x": 488,
            "coordinate_y": 114,
            "eeg_electrode_localization_system": 2,
            "name": "AF8",
            "position_reference": null
        },
        "model": "experiment.eegelectrodeposition",
        "pk": 166
    },
    {
        "fields": {
            "channel_default_index": 8,
            "coordinate_x": 216,
            "coordinate_y": 109,
            "eeg_electrode_localization_system": 2,
            "name": "AF7",
            "position_reference": null
        },
        "model": "experiment.eegelectrodeposition",
        "pk": 165
    },
    {
        "fields": {
            "channel_default_index": 7,
            "coordinate_x": 438,
            "coordinate_y": 123,
            "eeg_electrode_localization_system": 2,
            "name": "AF4",
            "position_reference": null
        },
        "model": "experiment.eegelectrodeposition",
        "pk": 164
    },
    {
        "fields": {
            "channel_default_index": 6,
            "coordinate_x": 274,
            "coordinate_y": 116,
            "eeg_electrode_localization_system": 2,
            "name": "AF3",
            "position_reference": null
        },
        "model": "experiment.eegelectrodeposition",
        "pk": 163
    },
    {
        "fields": {
            "channel_default_index": 5,
            "coordinate_x": 351,
            "coordinate_y": 120,
            "eeg_electrode_localization_system": 2,
            "name": "AFz",
            "position_reference": null
        },
        "model": "experiment.eegelectrodeposition",
        "pk": 162
    },
    {
        "fields": {
            "channel_default_index": 4,
            "coordinate_x": 428,
            "coordinate_y": 83,
            "eeg_electrode_localization_system": 2,
            "name": "Fp2",
            "position_reference": null
        },
        "model": "experiment.eegelectrodeposition",
        "pk": 161
    },
    {
        "fields": {
            "channel_default_index": 3,
            "coordinate_x": 279,
            "coordinate_y": 84,
            "eeg_electrode_localization_system": 2,
            "name": "Fp1",
            "position_reference": null
        },
        "model": "experiment.eegelectrodeposition",
        "pk": 160
    },
    {
        "fields": {
            "channel_default_index": 2,
            "coordinate_x": 349,
            "coordinate_y": 83,
            "eeg_electrode_localization_system": 2,
            "name": "Fpz",
            "position_reference": null
        },
        "model": "experiment.eegelectrodeposition",
        "pk": 159
    },
    {
        "fields": {
            "channel_default_index": 1,
            "coordinate_x": 351,
            "coordinate_y": 46,
            "eeg_electrode_localization_system": 2,
            "name": "Nz",
            "position_reference": null
        },
        "model": "experiment.eegelectrodeposition",
        "pk": 158
    },
    {
        "fields": {
            "channel_default_index": 21,
            "coordinate_x": 668,
            "coordinate_y": 243,
            "eeg_electrode_localization_system": 3,
            "name": "A2",
            "position_reference": null
        },
        "model": "experiment.eegelectrodeposition",
        "pk": 157
    },
    {
        "fields": {
            "channel_default_index": 20,
            "coordinate_x": 35,
            "coordinate_y": 245,
            "eeg_electrode_localization_system": 3,
            "name": "A1",
            "position_reference": null
        },
        "model": "experiment.eegelectrodeposition",
        "pk": 156
    },
    {
        "fields": {
            "channel_default_index": 19,
            "coordinate_x": 425,
            "coordinate_y": 426,
            "eeg_electrode_localization_system": 3,
            "name": "O2",
            "position_reference": null
        },
        "model": "experiment.eegelectrodeposition",
        "pk": 155
    },
    {
        "fields": {
            "channel_default_index": 18,
            "coordinate_x": 281,
            "coordinate_y": 426,
            "eeg_electrode_localization_system": 3,
            "name": "O1",
            "position_reference": null
        },
        "model": "experiment.eegelectrodeposition",
        "pk": 154
    },
    {
        "fields": {
            "channel_default_index": 17,
            "coordinate_x": 523,
            "coordinate_y": 351,
            "eeg_electrode_localization_system": 3,
            "name": "T6",
            "position_reference": null
        },
        "model": "experiment.eegelectrodeposition",
        "pk": 153
    },
    {
        "fields": {
            "channel_default_index": 16,
            "coordinate_x": 169,
            "coordinate_y": 361,
            "eeg_electrode_localization_system": 3,
            "name": "T5",
            "position_reference": null
        },
        "model": "experiment.eegelectrodeposition",
        "pk": 152
    },
    {
        "fields": {
            "channel_default_index": 15,
            "coordinate_x": 442,
            "coordinate_y": 347,
            "eeg_electrode_localization_system": 3,
            "name": "P4",
            "position_reference": null
        },
        "model": "experiment.eegelectrodeposition",
        "pk": 151
    },
    {
        "fields": {
            "channel_default_index": 14,
            "coordinate_x": 258,
            "coordinate_y": 343,
            "eeg_electrode_localization_system": 3,
            "name": "P3",
            "position_reference": null
        },
        "model": "experiment.eegelectrodeposition",
        "pk": 150
    },
    {
        "fields": {
            "channel_default_index": 13,
            "coordinate_x": 354,
            "coordinate_y": 343,
            "eeg_electrode_localization_system": 3,
            "name": "Pz",
            "position_reference": null
        },
        "model": "experiment.eegelectrodeposition",
        "pk": 149
    },
    {
        "fields": {
            "channel_default_index": 12,
            "coordinate_x": 576,
            "coordinate_y": 255,
            "eeg_electrode_localization_system": 3,
            "name": "T4",
            "position_reference": null
        },
        "model": "experiment.eegelectrodeposition",
        "pk": 148
    },
    {
        "fields": {
            "channel_default_index": 11,
            "coordinate_x": 132,
            "coordinate_y": 254,
            "eeg_electrode_localization_system": 3,
            "name": "T3",
            "position_reference": null
        },
        "model": "experiment.eegelectrodeposition",
        "pk": 147
    },
    {
        "fields": {
            "channel_default_index": 10,
            "coordinate_x": 466,
            "coordinate_y": 253,
            "eeg_electrode_localization_system": 3,
            "name": "C4",
            "position_reference": null
        },
        "model": "experiment.eegelectrodeposition",
        "pk": 146
    },
    {
        "fields": {
            "channel_default_index": 9,
            "coordinate_x": 242,
            "coordinate_y": 251,
            "eeg_electrode_localization_system": 3,
            "name": "C3",
            "position_reference": null
        },
        "model": "experiment.eegelectrodeposition",
        "pk": 145
    },
    {
        "fields": {
            "channel_default_index": 8,
            "coordinate_x": 351,
            "coordinate_y": 255,
            "eeg_electrode_localization_system": 3,
            "name": "Cz",
            "position_reference": null
        },
        "model": "experiment.eegelectrodeposition",
        "pk": 144
    },
    {
        "fields": {
            "channel_default_index": 7,
            "coordinate_x": 533,
            "coordinate_y": 149,
            "eeg_electrode_localization_system": 3,
            "name": "F8",
            "position_reference": null
        },
        "model": "experiment.eegelectrodeposition",
        "pk": 143
    },
    {
        "fields": {
            "channel_default_index": 6,
            "coordinate_x": 171,
            "coordinate_y": 149,
            "eeg_electrode_localization_system": 3,
            "name": "F7",
            "position_reference": null
        },
        "model": "experiment.eegelectrodeposition",
        "pk": 142
    },
    {
        "fields": {
            "channel_default_index": 5,
            "coordinate_x": 445,
            "coordinate_y": 165,
            "eeg_electrode_localization_system": 3,
            "name": "F4",
            "position_reference": null
        },
        "model": "experiment.eegelectrodeposition",
        "pk": 141
    },
    {
        "fields": {
            "channel_default_index": 4,
            "coordinate_x": 255,
            "coordinate_y": 165,
            "eeg_electrode_localization_system": 3,
            "name": "F3",
            "position_reference": null
        },
        "model": "experiment.eegelectrodeposition",
        "pk": 140
    },
    {
        "fields": {
            "channel_default_index": 3,
            "coordinate_x": 349,
            "coordinate_y": 165,
            "eeg_electrode_localization_system": 3,
            "name": "Fz",
            "position_reference": null
        },
        "model": "experiment.eegelectrodeposition",
        "pk": 139
    },
    {
        "fields": {
            "channel_default_index": 2,
            "coordinate_x": 422,
            "coordinate_y": 89,
            "eeg_electrode_localization_system": 3,
            "name": "Fp2",
            "position_reference": null
        },
        "model": "experiment.eegelectrodeposition",
        "pk": 138
    },
    {
        "fields": {
            "channel_default_index": 1,
            "coordinate_x": 282,
            "coordinate_y": 86,
            "eeg_electrode_localization_system": 3,
            "name": "Fp1",
            "position_reference": null
        },
        "model": "experiment.eegelectrodeposition",
        "pk": 137
    }
]
